Menge,Referenzen,Wert,Hersteller,Herstellernummer,Digikey-Nummer,Bestand 2026-10-03,Footprint,Hinweis
15,"C12,C14,C26,C27,C30,C32,C34,C35,C36,C37,C38,C39,C41,C44,C45",100n,,Standard 100 nF X7R 50 V 0603,,,C_0603_1608Metric,z. B. Samsung CL10B104KB8NNNC
4,"C15,C19,C20,C22",1u,,Standard 1 µF X7R 25 V 0603,,,C_0603_1608Metric,
9,"C16,C17,C18,C23,C25,C31,C33,C43,C46",10u,,Standard 10 µF X5R 25 V 0805,,,C_0805_2012Metric,z. B. Samsung CL21A106KAYNNNE
2,"C21,C24",1u,,Standard 1 µF X7R 50 V 0805,,,C_0805_2012Metric,Koppelkondensator Sprechweg
2,"C40,C42",47u,Samsung,CL31A476MQHNNNE,1276-1167-1-ND,1627,C_1206_3216Metric,"X5R 6,3 V"
1,D1,grün,Würth,150060GS75000,732-4971-1-ND,lieferbar,LED_0603_1608Metric,
1,D2,gelb,Würth,150060YS75000,,,LED_0603_1608Metric,
1,D3,blau,Würth,150060BS75000,732-4966-1-ND,,LED_0603_1608Metric,
1,D10,grün ACT,Würth,150060GS75000,732-4971-1-ND,lieferbar,LED_0603_1608Metric,
1,D11,rot PWR,Würth,150060RS75000,,,LED_0603_1608Metric,
1,D12,SMAJ5.0CA,Diodes,SMAJ5.0CA-13-F,SMAJ5.0CA-FDICT-ND,105326,D_SMA,
1,D13,MBR140SFT1G,onsemi,MBR140SFT1G,MBR140SFT1GOSCT-ND,31972,D_SOD-123F,Freilaufdiode
1,F1,2A,Bourns,MF-MSMF200/8X-2,,1735,Fuse_1812_4532Metric,"Polyfuse 2 A, 8 V"
1,J2,D340 Audio,Würth,615006138421,732-2113-ND,16652,RJ12_Wuerth_615006138421_Horizontal,6P6C
1,J3,D340 PC (4P4C),Würth,615004143821,732-3169-ND,3039,RJ10_Wuerth_615004143821_Horizontal,4P4C; Adapterkabel auf DE9 zur D340
1,J10,USB-C 5V/USB,GCT,USB4105-GF-A,,lieferbar,USB_C_Receptacle_GCT_USB4105-xx-A_16P_TopMnt_Horizontal,
1,J11,CM4 Stecker 1,Hirose,DF40C-100DS-0.4V(51),H11615CT-ND,177010,Hirose_DF40C-100DS-0.4V_2x50_P0.4mm,
1,J12,CM4 Stecker 2,Hirose,DF40C-100DS-0.4V(51),H11615CT-ND,177010,Hirose_DF40C-100DS-0.4V_2x50_P0.4mm_Pins101-200,
1,J13,microSD,Hirose,DM3AT-SF-PEJM5,,lieferbar,microSD_HC_Hirose_DM3AT-SF-PEJM5,
1,J14,7499010211A,Würth,7499010211A,732-4506-5-ND,1736,RJ45_Wuerth_7499010211A_Horizontal,RJ45 10/100 mit Übertrager
1,J15,Lüfter 5 V,JST,B2B-PH-K-S(LF)(SN),455-1704-ND,lieferbar,JST_PH_B2B-PH-K_1x02_P2.00mm_Vertical,Gegenstück PHR-2 + Crimpkontakte SPH-002T-P0.5S
1,JP10,nRPIBOOT,Würth,61300211121,,,PinHeader_1x02_P2.54mm_Vertical,plus Kurzschlussbrücke
1,M1,Raspberry Pi CM4 (z. B. CM4104032),Raspberry Pi,CM4104032,,,CM4_Modul_Platzhalter,"Variante wählen: Funk, RAM, eMMC/Lite"
1,Q10,BSS84,Diodes,BSS84-7-F,,lieferbar,SOT-23,
1,Q11,AO3400A,Alpha & Omega,AO3400A,,lieferbar,SOT-23,Lüfterschalter
1,R4,0R,Yageo,RC0603JR-070RL,,,R_0603_1608Metric,
5,"R6,R7,R8,R12,R13",330,Yageo,RC0603FR-07330RL,,,R_0603_1608Metric,
2,"R10,R11",5k1,Yageo,RC0603FR-075K1L,,,R_0603_1608Metric,
1,R14,12k,Yageo,RC0603FR-0712KL,,,R_0603_1608Metric,
2,"R15,R16",470,Yageo,RC0603FR-07470RL,,,R_0603_1608Metric,
1,R17,100,Yageo,RC0603FR-07100RL,,,R_0603_1608Metric,
1,R18,100k,Yageo,RC0603FR-07100KL,,,R_0603_1608Metric,
1,R20,10k,Yageo,RC0603FR-0710KL,,,R_0603_1608Metric,
1,SW1,Taste,E-Switch,TL3342F160QG/TR,EG2531CT-ND,62116,SW_SPST_TL3342,
1,SW2,Konfig,E-Switch,TL3342F160QG/TR,EG2531CT-ND,62116,SW_SPST_TL3342,
1,SW3,Ein/Aus,E-Switch,TL3342F160QG/TR,EG2531CT-ND,62116,SW_SPST_TL3342,
2,"T1,T2",SM-LP-5001,Bourns,SM-LP-5001E,,39228,Bourns_SM-LP-5001,Übertrager 600:600
1,U2,TLV320AIC3204IRHBR,TI,TLV320AIC3204IRHBR,296-23775-1-ND,4894,Texas_RHB0032E_VQFN-32-1EP_5x5mm_P0.5mm_EP3.45x3.45mm_ThermalVias,
1,U3,ADuM5211,Analog Devices,ADUM5211ARSZ,,10190,SSOP-20_5.3x7.2mm_P0.65mm,
1,U4,AP2112K-3.3,Diodes,AP2112K-3.3TRG1,AP2112K-3.3TRG1DICT-ND,435354,SOT-23-5,
1,U5,MAX3232E,TI,MAX3232EIDR,296-19752-1-ND,26175,SOIC-16_3.9x9.9mm_P1.27mm,
1,U6,12MHz,ECS,ECS-2520MV-120-BN-TR,XC2749CT-ND,4500,Oscillator_SMD_ECS_2520MV-xxx-xx-4Pin_2.5x2.0mm,
1,U10,USBLC6-2SC6,ST,USBLC6-2SC6,497-5235-1-ND,147782,SOT-23-6,
1,U11,AP22804AW5,Diodes,AP22804AW5-7,AP22804AW5-7DICT-ND,121622,SOT-23-5,
1,U12,TPD4E05U06DQAR,TI,TPD4E05U06DQAR,,normalerweise vorrätig,USON-10_2.5x1.0mm_P0.5mm,
