"Referenz","Wert","Footprint","Anzahl","DNP"
"C10,C11","22p","Capacitor_SMD:C_0603_1608Metric","2",""
"C12,C13,C14,C16,C18,C30,C32,C34,C35,C36,C37,C38,C39,C41,C44,C45","100n","Capacitor_SMD:C_0603_1608Metric","16",""
"C15,C17,C23,C31,C33,C43","10u","Capacitor_SMD:C_0805_2012Metric","6",""
"C19,C20,C22","1u","Capacitor_SMD:C_0603_1608Metric","3",""
"C21,C24","1u","Capacitor_SMD:C_0805_2012Metric","2",""
"C40,C42","47u","Capacitor_SMD:C_1206_3216Metric","2",""
"D1","grün","LED_SMD:LED_0603_1608Metric","1",""
"D2","gelb","LED_SMD:LED_0603_1608Metric","1",""
"D10","grün ACT","LED_SMD:LED_0603_1608Metric","1",""
"D11","rot PWR","LED_SMD:LED_0603_1608Metric","1",""
"D12","SMAJ5.0CA","Diode_SMD:D_SMA","1",""
"F1","2A","Fuse:Fuse_1812_4532Metric","1",""
"H1,H2,H3,H4","M2.5","MountingHole:MountingHole_2.7mm_M2.5","4",""
"J2","D340 Audio","Connector_RJ:RJ12_Amphenol_54601-x06_Horizontal","1",""
"J3","D340 PC-Schnittstelle","Connector_Dsub:DSUB-9_Pins_Horizontal_P2.77x2.84mm_EdgePinOffset7.70mm_Housed_MountingHolesOffset9.12mm","1",""
"J10","USB-C 5V/USB","Connector_USB:USB_C_Receptacle_GCT_USB4105-xx-A_16P_TopMnt_Horizontal","1",""
"J11","CM4 Stecker 1","Connector_Hirose_DF40:Hirose_DF40C-100DS-0.4V_2x50_P0.4mm","1",""
"J12","CM4 Stecker 2","Connector_Hirose_DF40:Hirose_DF40C-100DS-0.4V_2x50_P0.4mm","1",""
"J13","microSD","Connector_Card:microSD_HC_Hirose_DM3AT-SF-PEJM5","1",""
"J14","HR911105A","Connector_RJ:RJ45_Hanrun_HR911105A_Horizontal","1",""
"JP10","nRPIBOOT","Connector_PinHeader_2.54mm:PinHeader_1x02_P2.54mm_Vertical","1",""
"Q10","BSS84","Package_TO_SOT_SMD:SOT-23","1",""
"R4","0R","Resistor_SMD:R_0603_1608Metric","1",""
"R5","DNP","Resistor_SMD:R_0603_1608Metric","1","Nicht bestücken"
"R6,R7,R12,R13","330","Resistor_SMD:R_0603_1608Metric","4",""
"R10,R11","5k1","Resistor_SMD:R_0603_1608Metric","2",""
"R14","12k","Resistor_SMD:R_0603_1608Metric","1",""
"R15,R16","470","Resistor_SMD:R_0603_1608Metric","2",""
"SW1","Taste","Button_Switch_SMD:SW_SPST_TL3342","1",""
"T1,T2","600:600","","2",""
"U2","WM8731SEDS","Package_SO:SSOP-28_5.3x10.2mm_P0.65mm","1",""
"U3","ADuM5211","Package_SO:SSOP-20_5.3x7.2mm_P0.65mm","1",""
"U4","AP2112K-3.3","Package_TO_SOT_SMD:SOT-23-5","1",""
"U5","MAX3232E","Package_SO:SOIC-16_3.9x9.9mm_P1.27mm","1",""
"U10","USBLC6-2SC6","Package_TO_SOT_SMD:SOT-23-6","1",""
"U11","AP22804AW5","Package_TO_SOT_SMD:SOT-23-5","1",""
"U12","TPD4EUSB30","Package_SON:USON-10_2.5x1.0mm_P0.5mm","1",""
"Y1","12.288MHz","Crystal:Crystal_SMD_HC49-SD","1",""
